[{"best_score": 54.18}, {"time": "2024-12-7 16:3:33", "history_score": 1.17}, {"time": "2024-12-7 16:5:50", "history_score": 7.64}, {"time": "2024-12-7 16:6:33", "history_score": 1.21}, {"time": "2024-12-7 16:7:10", "history_score": 1.17}, {"time": "2024-12-7 16:7:40", "history_score": 1.19}, {"time": "2024-12-7 16:9:43", "history_score": 1.16}, {"time": "2024-12-7 16:9:43", "history_score": 18.7}, {"time": "2024-12-7 16:9:43", "history_score": 0.67}, {"time": "2024-12-7 16:9:43", "history_score": 0.8}, {"time": "2024-12-7 16:28:20", "history_score": 24.36}, {"time": "2024-12-7 16:28:20", "history_score": 41.56}, {"time": "2024-12-7 16:37:18", "history_score": 54.18}, {"time": "2024-12-7 16:39:30", "history_score": 8.11}, {"time": "2024-12-7 16:40:17", "history_score": 30.19}, {"time": "2024-12-7 16:40:17", "history_score": 37.01}, {"time": "2024-12-7 16:45:12", "history_score": 9.31}, {"time": "2024-12-7 16:45:12", "history_score": 13.19}, {"time": "2024-12-7 16:45:12", "history_score": 33.53}, {"time": "2024-12-7 16:45:12", "history_score": 40.89}, {"time": "2024-12-7 16:48:44", "history_score": 2.79}, {"time": "2024-12-7 16:50:1", "history_score": 2.29}, {"time": "2024-12-7 16:54:23", "history_score": 9.5}, {"time": "2024-12-7 16:55:6", "history_score": 17.46}, {"time": "2024-12-7 16:55:54", "history_score": 2.22}, {"time": "2024-12-7 16:56:26", "history_score": 13.3}, {"time": "2024-12-7 16:56:26", "history_score": 18.48}, {"time": "2024-12-7 17:1:46", "history_score": 38.45}, {"time": "2024-12-7 17:3:3", "history_score": 8.88}, {"time": "2024-12-7 17:3:3", "history_score": 3.21}, {"time": "2024-12-7 17:3:3", "history_score": 10.45}, {"time": "2024-12-7 17:3:3", "history_score": 19.66}, {"time": "2024-12-7 17:16:20", "history_score": 14.09}, {"time": "2024-12-7 17:16:20", "history_score": 50.3}, {"time": "2024-12-7 17:17:53", "history_score": 27.64}, {"time": "2024-12-7 17:17:53", "history_score": 25.66}, {"time": "2024-12-7 17:17:53", "history_score": 26.35}, {"time": "2024-12-7 17:17:53", "history_score": 15.05}, {"time": "2024-12-7 17:20:16", "history_score": 12.42}, {"time": "2024-12-7 17:20:16", "history_score": 3.7}, {"time": "2024-12-7 17:20:16", "history_score": 8.55}, {"time": "2024-12-7 17:20:16", "history_score": 4.37}, {"time": "2024-12-7 17:20:16", "history_score": 3.65}, {"time": "2024-12-7 17:20:16", "history_score": 15.36}, {"time": "2024-12-7 17:20:16", "history_score": 3.66}, {"time": "2024-12-7 17:20:16", "history_score": 4.77}, {"time": "2024-12-7 17:20:16", "history_score": 5.0}, {"time": "2024-12-7 17:20:16", "history_score": 3.66}, {"time": "2024-12-7 17:20:16", "history_score": 7.16}, {"time": "2024-12-7 17:20:16", "history_score": 16.33}, {"time": "2024-12-7 17:20:16", "history_score": 5.44}, {"time": "2024-12-7 17:20:16", "history_score": 2.63}, {"time": "2024-12-7 17:20:16", "history_score": 5.88}, {"time": "2024-12-7 17:20:16", "history_score": 3.76}, {"time": "2024-12-7 17:20:16", "history_score": 3.63}, {"time": "2024-12-7 17:20:16", "history_score": 5.17}, {"time": "2024-12-7 17:20:16", "history_score": 18.74}, {"time": "2024-12-7 17:20:16", "history_score": 5.08}, {"time": "2024-12-7 17:20:16", "history_score": 7.91}, {"time": "2024-12-7 17:20:16", "history_score": 6.6}, {"time": "2024-12-7 17:20:16", "history_score": 2.73}, {"time": "2024-12-7 17:20:16", "history_score": 6.6}, {"time": "2024-12-7 17:20:16", "history_score": 19.58}, {"time": "2024-12-7 17:20:16", "history_score": 3.35}, {"time": "2024-12-7 17:20:16", "history_score": 26.11}, {"time": "2024-12-7 17:20:16", "history_score": 22.82}, {"time": "2024-12-7 17:20:16", "history_score": 3.8}, {"time": "2024-12-7 17:20:16", "history_score": 8.06}, {"time": "2024-12-7 17:20:16", "history_score": 3.69}, {"time": "2024-12-7 17:20:16", "history_score": 15.9}, {"time": "2024-12-7 17:20:16", "history_score": 8.57}, {"time": "2024-12-7 17:20:16", "history_score": 1.12}, {"time": "2024-12-7 17:20:16", "history_score": 6.77}, {"time": "2024-12-7 17:27:2", "history_score": 5.42}, {"time": "2024-12-7 17:27:2", "history_score": 3.18}, {"time": "2024-12-7 17:27:2", "history_score": 16.76}, {"time": "2024-12-7 17:27:2", "history_score": 22.79}, {"time": "2024-12-7 17:27:2", "history_score": 4.05}, {"time": "2024-12-7 17:27:2", "history_score": 24.39}, {"time": "2024-12-7 17:27:2", "history_score": 2.5}, {"time": "2024-12-7 17:27:2", "history_score": 15.49}, {"time": "2024-12-7 17:27:2", "history_score": 8.42}, {"time": "2024-12-7 17:27:2", "history_score": 7.56}, {"time": "2024-12-7 17:27:2", "history_score": 29.36}, {"time": "2024-12-7 17:27:2", "history_score": 1.05}, {"time": "2024-12-7 17:27:2", "history_score": 2.39}, {"time": "2024-12-7 17:27:2", "history_score": 16.81}, {"time": "2024-12-7 17:27:2", "history_score": 18.04}, {"time": "2024-12-7 17:27:2", "history_score": 21.16}, {"time": "2024-12-7 17:27:2", "history_score": 29.88}, {"time": "2024-12-7 17:27:2", "history_score": 1.76}, {"time": "2024-12-7 17:27:2", "history_score": 7.74}, {"time": "2024-12-7 17:27:2", "history_score": 2.93}, {"time": "2024-12-7 17:27:2", "history_score": 9.9}, {"time": "2024-12-7 17:27:2", "history_score": 21.45}, {"time": "2024-12-7 17:27:2", "history_score": 5.65}, {"time": "2024-12-8 17:48:11", "history_score": 2.9}]